{
  "SESA377732/library_redland": 0.5930493175983429, 
  "SESA377732/SRE_examples": 0.8036053776741028, 
  "SESA377732/SRE-C": 0.7395953834056854, 
  "SESA377732/library_rasqal": 0.4704541563987732, 
  "SESA377732/library_zlib": 0.4755288064479828, 
  "SESA377732/libxml2": 5.454050719738007, 
  "SESA377732/library_antlr3": 0.5021120607852936, 
  "repo": 1.7066395282745361, 
  "SESA377732/library_lua": 0.5206032693386078, 
  "SESA377732/library_websockets": 2.6082764863967896, 
  "SESA377732/library_cunit": 0.851995438337326, 
  "SESA377732/library_jsmn": 0.524533599615097, 
  "SESA377732/library_lzma": 0.8721525073051453, 
  "SESA377732/library_modbus": 2.6244460344314575, 
  "SESA377732/library_raptor2": 0.4962044358253479
}